{
  "hash": "39627fb3",
  "configHash": "e9839dfe",
  "lockfileHash": "862b502e",
  "browserHash": "9c522264",
  "optimized": {
    "@angular/cdk/bidi": {
      "src": "../../../../../../node_modules/@angular/cdk/fesm2022/bidi.mjs",
      "file": "@angular_cdk_bidi.js",
      "fileHash": "50eef6f2",
      "needsInterop": false
    },
    "@angular/core": {
      "src": "../../../../../../node_modules/@angular/core/fesm2022/core.mjs",
      "file": "@angular_core.js",
      "fileHash": "9179629d",
      "needsInterop": false
    },
    "@angular/material/button": {
      "src": "../../../../../../node_modules/@angular/material/fesm2022/button.mjs",
      "file": "@angular_material_button.js",
      "fileHash": "44fbebcf",
      "needsInterop": false
    },
    "@angular/material/card": {
      "src": "../../../../../../node_modules/@angular/material/fesm2022/card.mjs",
      "file": "@angular_material_card.js",
      "fileHash": "e7af8111",
      "needsInterop": false
    },
    "@angular/platform-browser": {
      "src": "../../../../../../node_modules/@angular/platform-browser/fesm2022/platform-browser.mjs",
      "file": "@angular_platform-browser.js",
      "fileHash": "aba206ad",
      "needsInterop": false
    },
    "@angular/router": {
      "src": "../../../../../../node_modules/@angular/router/fesm2022/router.mjs",
      "file": "@angular_router.js",
      "fileHash": "cad44ed8",
      "needsInterop": false
    },
    "@angular/common": {
      "src": "../../../../../../node_modules/@angular/common/fesm2022/common.mjs",
      "file": "@angular_common.js",
      "fileHash": "d0355df7",
      "needsInterop": false
    }
  },
  "chunks": {
    "chunk-HO3ZSREK": {
      "file": "chunk-HO3ZSREK.js"
    },
    "chunk-3IJAHMPB": {
      "file": "chunk-3IJAHMPB.js"
    },
    "chunk-IOLV3NHO": {
      "file": "chunk-IOLV3NHO.js"
    },
    "chunk-3UQ47FUP": {
      "file": "chunk-3UQ47FUP.js"
    },
    "chunk-LYZSMQEY": {
      "file": "chunk-LYZSMQEY.js"
    }
  }
}