{
  "hash": "6e3245e9",
  "configHash": "943ea7b4",
  "lockfileHash": "126d8edc",
  "browserHash": "08a8abe0",
  "optimized": {
    "@angular/core": {
      "src": "../../../../../../node_modules/@angular/core/fesm2022/core.mjs",
      "file": "@angular_core.js",
      "fileHash": "f1381421",
      "needsInterop": false
    },
    "@angular/platform-browser": {
      "src": "../../../../../../node_modules/@angular/platform-browser/fesm2022/platform-browser.mjs",
      "file": "@angular_platform-browser.js",
      "fileHash": "c2858576",
      "needsInterop": false
    },
    "@angular/router": {
      "src": "../../../../../../node_modules/@angular/router/fesm2022/router.mjs",
      "file": "@angular_router.js",
      "fileHash": "acf07037",
      "needsInterop": false
    }
  },
  "chunks": {
    "chunk-CPLJQRTQ": {
      "file": "chunk-CPLJQRTQ.js"
    },
    "chunk-QE7GUPV5": {
      "file": "chunk-QE7GUPV5.js"
    }
  }
}