{
  "hash": "667c1e8f",
  "configHash": "1dc6b3c3",
  "lockfileHash": "69606805",
  "browserHash": "e1788472",
  "optimized": {
    "@angular/cdk/bidi": {
      "src": "../../../../../../node_modules/@angular/cdk/fesm2022/bidi.mjs",
      "file": "@angular_cdk_bidi.js",
      "fileHash": "e00c8fe2",
      "needsInterop": false
    },
    "@angular/common": {
      "src": "../../../../../../node_modules/@angular/common/fesm2022/common.mjs",
      "file": "@angular_common.js",
      "fileHash": "e7cb4ba5",
      "needsInterop": false
    },
    "@angular/core": {
      "src": "../../../../../../node_modules/@angular/core/fesm2022/core.mjs",
      "file": "@angular_core.js",
      "fileHash": "f4982d2e",
      "needsInterop": false
    },
    "@angular/material/button": {
      "src": "../../../../../../node_modules/@angular/material/fesm2022/button.mjs",
      "file": "@angular_material_button.js",
      "fileHash": "3d872e0c",
      "needsInterop": false
    },
    "@angular/material/card": {
      "src": "../../../../../../node_modules/@angular/material/fesm2022/card.mjs",
      "file": "@angular_material_card.js",
      "fileHash": "469f9828",
      "needsInterop": false
    },
    "@angular/material/toolbar": {
      "src": "../../../../../../node_modules/@angular/material/fesm2022/toolbar.mjs",
      "file": "@angular_material_toolbar.js",
      "fileHash": "057403fc",
      "needsInterop": false
    },
    "@angular/platform-browser": {
      "src": "../../../../../../node_modules/@angular/platform-browser/fesm2022/platform-browser.mjs",
      "file": "@angular_platform-browser.js",
      "fileHash": "10341274",
      "needsInterop": false
    },
    "@angular/platform-browser/animations/async": {
      "src": "../../../../../../node_modules/@angular/platform-browser/fesm2022/animations/async.mjs",
      "file": "@angular_platform-browser_animations_async.js",
      "fileHash": "23a9b35c",
      "needsInterop": false
    },
    "@angular/router": {
      "src": "../../../../../../node_modules/@angular/router/fesm2022/router.mjs",
      "file": "@angular_router.js",
      "fileHash": "c7b5cc33",
      "needsInterop": false
    },
    "zone.js": {
      "src": "../../../../../../node_modules/zone.js/fesm2015/zone.js",
      "file": "zone__js.js",
      "fileHash": "b12ab5d8",
      "needsInterop": true
    }
  },
  "chunks": {
    "platform-browser_false-KX6QXWTF": {
      "file": "platform-browser_false-KX6QXWTF.js"
    },
    "chunk-ROEG2WSE": {
      "file": "chunk-ROEG2WSE.js"
    },
    "chunk-EKL5VIJI": {
      "file": "chunk-EKL5VIJI.js"
    },
    "chunk-WAL6QJZ5": {
      "file": "chunk-WAL6QJZ5.js"
    },
    "chunk-GGZWSXBO": {
      "file": "chunk-GGZWSXBO.js"
    },
    "chunk-N4Z2ELFK": {
      "file": "chunk-N4Z2ELFK.js"
    },
    "chunk-GMOUDOH5": {
      "file": "chunk-GMOUDOH5.js"
    },
    "chunk-EALW7657": {
      "file": "chunk-EALW7657.js"
    },
    "chunk-H2SRQSE4": {
      "file": "chunk-H2SRQSE4.js"
    }
  }
}